{"actor_loss": 12.155400276184082, "_timestamp": 1675442717.7977824, "_runtime": 64.43997049331665, "_step": 390, "gradients/graph_2fc1.bias": {"_type": "histogram", "values": [1.0, 0.0, 1.0, 1.0, 0.0, 0.0, 1.0, 1.0, 1.0, 1.0, 2.0, 2.0, 3.0, 0.0, 0.0, 2.0, 2.0, 2.0, 2.0, 3.0, 3.0, 2.0, 3.0, 5.0, 5.0, 3.0, 8.0, 6.0, 134.0, 5.0, 5.0, 3.0, 5.0, 3.0, 2.0, 2.0, 6.0, 3.0, 2.0, 4.0, 3.0, 4.0, 3.0, 1.0, 1.0, 1.0, 2.0, 0.0, 1.0, 3.0, 1.0, 0.0, 0.0, 0.0, 0.0, 0.0, 0.0, 0.0, 1.0, 0.0, 0.0, 0.0, 0.0, 1.0], "bins": [-0.0008939059916883707, -0.0008623871835879982, -0.0008308683754876256, -0.000799349625594914, -0.0007678308174945414, -0.0007363120093941689, -0.0007047932012937963, -0.0006732743931934237, -0.0006417556433007121, -0.0006102368352003396, -0.000578718027099967, -0.0005471992772072554, -0.0005156804691068828, -0.00048416166100651026, -0.0004526428529061377, -0.00042112404480576515, -0.0003896052367053926, -0.00035808642860502005, -0.00032656764960847795, -0.0002950488415081054, -0.0002635300625115633, -0.00023201125441119075, -0.0002004924463108182, -0.00016897365276236087, -0.00013745485921390355, -0.00010593606566544622, -7.441726484103128e-05, -4.2898464016616344e-05, -1.137967046815902e-05, 2.0139123080298305e-05, 5.165793118067086e-05, 8.317672472912818e-05, 0.0001146955182775855, 0.00014621431182604283, 0.00017773310537450016, 0.0002092519134748727, 0.00024077070702333003, 0.00027228950057178736, 0.0003038083086721599, 0.00033532711677253246, 0.00036684589576907456, 0.0003983647038694471, 0.0004298834828659892, 0.00046140229096636176, 0.0004929210990667343, 0.000524439848959446, 0.0005559587152674794, 0.0005874774651601911, 0.0006189962732605636, 0.0006505150813609362, 0.0006820338894613087, 0.0007135526975616813, 0.0007450714474543929, 0.0007765902555547655, 0.000808109063655138, 0.0008396278717555106, 0.0008711466798558831, 0.0009026654879562557, 0.0009341842960566282, 0.0009657030459493399, 0.0009972219122573733, 0.001028740662150085, 0.0010602595284581184, 0.00109177827835083, 0.0011232970282435417]}, "gradients/graph_2fc1.weight": {"_type": "histogram", "values": [1.0, 1.0, 1.0, 2.0, 2.0, 1.0, 4.0, 3.0, 3.0, 6.0, 7.0, 11.0, 13.0, 12.0, 11.0, 14.0, 13.0, 22.0, 21.0, 19.0, 30.0, 32.0, 32.0, 45.0, 55.0, 64.0, 98.0, 200.0, 5737.0, 142.0, 91.0, 55.0, 54.0, 44.0, 40.0, 45.0, 38.0, 32.0, 26.0, 33.0, 17.0, 20.0, 14.0, 8.0, 6.0, 8.0, 9.0, 5.0, 3.0, 4.0, 3.0, 1.0, 1.0, 1.0, 1.0, 1.0, 1.0, 0.0, 2.0, 1.0, 0.0, 1.0, 0.0, 1.0], "bins": [-0.4106505513191223, -0.3961711525917053, -0.3816917836666107, -0.3672123849391937, -0.3527330160140991, -0.33825361728668213, -0.32377421855926514, -0.30929481983184814, -0.29481545090675354, -0.28033605217933655, -0.26585668325424194, -0.25137728452682495, -0.23689790070056915, -0.22241851687431335, -0.20793911814689636, -0.19345973432064056, -0.17898035049438477, -0.16450096666812897, -0.15002158284187317, -0.13554218411445618, -0.12106280028820038, -0.10658341646194458, -0.09210402518510818, -0.07762463390827179, -0.06314525008201599, -0.048665862530469894, -0.0341864749789238, -0.0197070874273777, -0.005227699875831604, 0.009251683950424194, 0.02373107522726059, 0.038210466504096985, 0.05268985033035278, 0.06716923415660858, 0.08164862543344498, 0.09612801671028137, 0.11060740053653717, 0.12508678436279297, 0.13956618309020996, 0.15404556691646576, 0.16852495074272156, 0.18300433456897736, 0.19748371839523315, 0.21196311712265015, 0.22644250094890594, 0.24092188477516174, 0.25540128350257874, 0.26988065242767334, 0.28436005115509033, 0.2988394498825073, 0.31331881880760193, 0.3277982175350189, 0.3422775864601135, 0.3567569851875305, 0.3712363839149475, 0.3857157826423645, 0.4001951515674591, 0.4146745502948761, 0.4291539192199707, 0.4436333179473877, 0.4581127166748047, 0.4725920855998993, 0.4870714843273163, 0.5015508532524109, 0.5160302519798279]}, "gradients/graph_1fc1.bias": {"_type": "histogram", "values": [1.0, 0.0, 0.0, 0.0, 1.0, 1.0, 3.0, 0.0, 0.0, 0.0, 0.0, 0.0, 1.0, 1.0, 1.0, 2.0, 3.0, 1.0, 2.0, 4.0, 6.0, 3.0, 3.0, 4.0, 2.0, 5.0, 5.0, 8.0, 9.0, 15.0, 17.0, 81.0, 5.0, 4.0, 11.0, 4.0, 6.0, 6.0, 1.0, 2.0, 6.0, 4.0, 2.0, 6.0, 2.0, 0.0, 1.0, 1.0, 0.0, 2.0, 1.0, 4.0, 2.0, 2.0, 0.0, 0.0, 0.0, 1.0, 0.0, 0.0, 0.0, 0.0, 1.0, 3.0], "bins": [-0.013579020276665688, -0.01314170565456152, -0.012704391032457352, -0.012267077341675758, -0.01182976271957159, -0.011392448097467422, -0.010955133475363255, -0.010517818853259087, -0.010080505162477493, -0.009643190540373325, -0.009205875918269157, -0.008768562227487564, -0.008331247605383396, -0.007893932983279228, -0.00745661836117506, -0.00701930420473218, -0.006581989582628012, -0.006144674960523844, -0.005707360804080963, -0.005270046181976795, -0.0048327320255339146, -0.004395417403429747, -0.003958103246986866, -0.003520788624882698, -0.0030834742356091738, -0.0026461598463356495, -0.002208845457062125, -0.001771530951373279, -0.0013342165620997548, -0.0008969020564109087, -0.0004595876671373844, -2.227327786386013e-05, 0.00041504111140966415, 0.0008523555006831884, 0.0012896698899567127, 0.0017269843956455588, 0.0021642986685037613, 0.0026016132906079292, 0.0030389276798814535, 0.003476242069154978, 0.003913556225597858, 0.004350870847702026, 0.004788185004144907, 0.005225499626249075, 0.005662813782691956, 0.0061001284047961235, 0.0065374430269002914, 0.006974757183343172, 0.00741207180544734, 0.00784938596189022, 0.008286700583994389, 0.008724015206098557, 0.009161329828202724, 0.009598644450306892, 0.010035958141088486, 0.010473272763192654, 0.010910587385296822, 0.01134790200740099, 0.011785216629505157, 0.01222253032028675, 0.012659844942390919, 0.013097159564495087, 0.013534474186599255, 0.013971788808703423, 0.014409102499485016]}, "gradients/graph_1fc1.weight": {"_type": "histogram", "values": [1.0, 1.0, 0.0, 0.0, 4.0, 0.0, 3.0, 2.0, 6.0, 1.0, 5.0, 5.0, 8.0, 9.0, 5.0, 15.0, 9.0, 19.0, 16.0, 16.0, 26.0, 39.0, 44.0, 50.0, 57.0, 74.0, 65.0, 107.0, 109.0, 214.0, 445.0, 4835.0, 157.0, 116.0, 108.0, 87.0, 63.0, 63.0, 63.0, 49.0, 26.0, 35.0, 31.0, 33.0, 17.0, 17.0, 20.0, 15.0, 5.0, 12.0, 10.0, 12.0, 10.0, 8.0, 3.0, 0.0, 5.0, 2.0, 0.0, 3.0, 1.0, 2.0, 2.0, 3.0], "bins": [-5.2292160987854, -5.061381816864014, -4.893547058105469, -4.725712776184082, -4.557878017425537, -4.39004373550415, -4.2222089767456055, -4.054374694824219, -3.886540174484253, -3.718705654144287, -3.5508711338043213, -3.3830366134643555, -3.2152023315429688, -3.047367572784424, -2.879533290863037, -2.7116987705230713, -2.5438642501831055, -2.3760297298431396, -2.208195209503174, -2.040360927581787, -1.8725262880325317, -1.704691767692566, -1.5368573665618896, -1.3690228462219238, -1.201188325881958, -1.0333538055419922, -0.8655193448066711, -0.6976848840713501, -0.5298503637313843, -0.36201584339141846, -0.1941814422607422, -0.026346921920776367, 0.14148712158203125, 0.3093216121196747, 0.4771561026573181, 0.6449905633926392, 0.812825083732605, 0.9806596040725708, 1.148494005203247, 1.316328525543213, 1.4841630458831787, 1.6519975662231445, 1.8198320865631104, 1.9876664876937866, 2.155500888824463, 2.323335647583008, 2.4911699295043945, 2.6590044498443604, 2.826838970184326, 2.994673490524292, 3.162508010864258, 3.3303422927856445, 3.4981770515441895, 3.666011333465576, 3.833845853805542, 4.001680374145508, 4.1695146560668945, 4.337348937988281, 4.505183696746826, 4.673017978668213, 4.840852737426758, 5.0086870193481445, 5.176521301269531, 5.344356060028076, 5.512190818786621]}}